anio,periodo_cubierto,clasificacion,canal,monto_millones_usd,pct_del_total_anual,total_remesas_anio_millones_usd,desglose_disponible,serie_bcr,fuente,unidad,url_fuente,datos_actualizados_hasta,fecha_publicacion_ultimo_dato,fecha_consulta,nota
2019,Enero-Diciembre,Agente liquidador (canal de recepcion),Billeteras digitales de criptomonedas,0.00,0.00,5656.18,No,Monto de remesas familiares por agente liquidador,"Base de Datos Economica y Financiera (BDEF), Banco Central de Reserva de El Salvador",Millones de US$,https://estadisticas.bcr.gob.sv/serie/ingresos-de-remesas-familiares-por-agente-liquidador-2,Junio 2026,2026-07-24,2026-07-31,"SIN DESGLOSE DISPONIBLE: el canal no existia en la estadistica del BCR. La serie de billeteras digitales de criptomonedas inicia en septiembre de 2021 (primer dato: 1.99 MM US$), tras la entrada en vigencia de la Ley Bitcoin. El 0.00 no es un dato observado sino ausencia del canal"
2019,Enero-Diciembre,Agente liquidador (canal de recepcion),Efectivo o bolsillo,100.25,1.77,5656.18,Si,Monto de remesas familiares por agente liquidador,"Base de Datos Economica y Financiera (BDEF), Banco Central de Reserva de El Salvador",Millones de US$,https://estadisticas.bcr.gob.sv/serie/ingresos-de-remesas-familiares-por-agente-liquidador-2,Junio 2026,2026-07-24,2026-07-31,
2019,Enero-Diciembre,Agente liquidador (canal de recepcion),Instituciones bancarias,2266.03,40.06,5656.18,Si,Monto de remesas familiares por agente liquidador,"Base de Datos Economica y Financiera (BDEF), Banco Central de Reserva de El Salvador",Millones de US$,https://estadisticas.bcr.gob.sv/serie/ingresos-de-remesas-familiares-por-agente-liquidador-2,Junio 2026,2026-07-24,2026-07-31,
2019,Enero-Diciembre,Agente liquidador (canal de recepcion),Otras empresas remesadoras,3265.40,57.73,5656.18,Si,Monto de remesas familiares por agente liquidador,"Base de Datos Economica y Financiera (BDEF), Banco Central de Reserva de El Salvador",Millones de US$,https://estadisticas.bcr.gob.sv/serie/ingresos-de-remesas-familiares-por-agente-liquidador-2,Junio 2026,2026-07-24,2026-07-31,
2019,Enero-Diciembre,Agente liquidador (canal de recepcion),Recargas a telefonos moviles,24.49,0.43,5656.18,Si,Monto de remesas familiares por agente liquidador,"Base de Datos Economica y Financiera (BDEF), Banco Central de Reserva de El Salvador",Millones de US$,https://estadisticas.bcr.gob.sv/serie/ingresos-de-remesas-familiares-por-agente-liquidador-2,Junio 2026,2026-07-24,2026-07-31,
2020,Enero-Diciembre,Agente liquidador (canal de recepcion),Billeteras digitales de criptomonedas,0.00,0.00,5929.93,No,Monto de remesas familiares por agente liquidador,"Base de Datos Economica y Financiera (BDEF), Banco Central de Reserva de El Salvador",Millones de US$,https://estadisticas.bcr.gob.sv/serie/ingresos-de-remesas-familiares-por-agente-liquidador-2,Junio 2026,2026-07-24,2026-07-31,"SIN DESGLOSE DISPONIBLE: el canal no existia en la estadistica del BCR. La serie de billeteras digitales de criptomonedas inicia en septiembre de 2021 (primer dato: 1.99 MM US$), tras la entrada en vigencia de la Ley Bitcoin. El 0.00 no es un dato observado sino ausencia del canal"
2020,Enero-Diciembre,Agente liquidador (canal de recepcion),Efectivo o bolsillo,33.12,0.56,5929.93,Parcial,Monto de remesas familiares por agente liquidador,"Base de Datos Economica y Financiera (BDEF), Banco Central de Reserva de El Salvador",Millones de US$,https://estadisticas.bcr.gob.sv/serie/ingresos-de-remesas-familiares-por-agente-liquidador-2,Junio 2026,2026-07-24,2026-07-31,COBERTURA PARCIAL: sin dato de abril a agosto de 2020. La estimacion se basa en encuestas en EE.UU. interrumpidas por la pandemia; el monto anual corresponde solo a 7 meses y no es comparable con otros anios
2020,Enero-Diciembre,Agente liquidador (canal de recepcion),Instituciones bancarias,2236.94,37.72,5929.93,Si,Monto de remesas familiares por agente liquidador,"Base de Datos Economica y Financiera (BDEF), Banco Central de Reserva de El Salvador",Millones de US$,https://estadisticas.bcr.gob.sv/serie/ingresos-de-remesas-familiares-por-agente-liquidador-2,Junio 2026,2026-07-24,2026-07-31,
2020,Enero-Diciembre,Agente liquidador (canal de recepcion),Otras empresas remesadoras,3634.43,61.29,5929.93,Si,Monto de remesas familiares por agente liquidador,"Base de Datos Economica y Financiera (BDEF), Banco Central de Reserva de El Salvador",Millones de US$,https://estadisticas.bcr.gob.sv/serie/ingresos-de-remesas-familiares-por-agente-liquidador-2,Junio 2026,2026-07-24,2026-07-31,
2020,Enero-Diciembre,Agente liquidador (canal de recepcion),Recargas a telefonos moviles,25.45,0.43,5929.93,Si,Monto de remesas familiares por agente liquidador,"Base de Datos Economica y Financiera (BDEF), Banco Central de Reserva de El Salvador",Millones de US$,https://estadisticas.bcr.gob.sv/serie/ingresos-de-remesas-familiares-por-agente-liquidador-2,Junio 2026,2026-07-24,2026-07-31,
2021,Enero-Diciembre,Agente liquidador (canal de recepcion),Billeteras digitales de criptomonedas,44.55,0.59,7585.24,Si,Monto de remesas familiares por agente liquidador,"Base de Datos Economica y Financiera (BDEF), Banco Central de Reserva de El Salvador",Millones de US$,https://estadisticas.bcr.gob.sv/serie/ingresos-de-remesas-familiares-por-agente-liquidador-2,Junio 2026,2026-07-24,2026-07-31,
2021,Enero-Diciembre,Agente liquidador (canal de recepcion),Efectivo o bolsillo,169.21,2.23,7585.24,Si,Monto de remesas familiares por agente liquidador,"Base de Datos Economica y Financiera (BDEF), Banco Central de Reserva de El Salvador",Millones de US$,https://estadisticas.bcr.gob.sv/serie/ingresos-de-remesas-familiares-por-agente-liquidador-2,Junio 2026,2026-07-24,2026-07-31,
2021,Enero-Diciembre,Agente liquidador (canal de recepcion),Instituciones bancarias,2617.09,34.50,7585.24,Si,Monto de remesas familiares por agente liquidador,"Base de Datos Economica y Financiera (BDEF), Banco Central de Reserva de El Salvador",Millones de US$,https://estadisticas.bcr.gob.sv/serie/ingresos-de-remesas-familiares-por-agente-liquidador-2,Junio 2026,2026-07-24,2026-07-31,
2021,Enero-Diciembre,Agente liquidador (canal de recepcion),Otras empresas remesadoras,4731.63,62.38,7585.24,Si,Monto de remesas familiares por agente liquidador,"Base de Datos Economica y Financiera (BDEF), Banco Central de Reserva de El Salvador",Millones de US$,https://estadisticas.bcr.gob.sv/serie/ingresos-de-remesas-familiares-por-agente-liquidador-2,Junio 2026,2026-07-24,2026-07-31,
2021,Enero-Diciembre,Agente liquidador (canal de recepcion),Recargas a telefonos moviles,22.80,0.30,7585.24,Si,Monto de remesas familiares por agente liquidador,"Base de Datos Economica y Financiera (BDEF), Banco Central de Reserva de El Salvador",Millones de US$,https://estadisticas.bcr.gob.sv/serie/ingresos-de-remesas-familiares-por-agente-liquidador-2,Junio 2026,2026-07-24,2026-07-31,
2022,Enero-Diciembre,Agente liquidador (canal de recepcion),Billeteras digitales de criptomonedas,126.72,1.62,7819.57,Si,Monto de remesas familiares por agente liquidador,"Base de Datos Economica y Financiera (BDEF), Banco Central de Reserva de El Salvador",Millones de US$,https://estadisticas.bcr.gob.sv/serie/ingresos-de-remesas-familiares-por-agente-liquidador-2,Junio 2026,2026-07-24,2026-07-31,
2022,Enero-Diciembre,Agente liquidador (canal de recepcion),Efectivo o bolsillo,204.15,2.61,7819.57,Si,Monto de remesas familiares por agente liquidador,"Base de Datos Economica y Financiera (BDEF), Banco Central de Reserva de El Salvador",Millones de US$,https://estadisticas.bcr.gob.sv/serie/ingresos-de-remesas-familiares-por-agente-liquidador-2,Junio 2026,2026-07-24,2026-07-31,
2022,Enero-Diciembre,Agente liquidador (canal de recepcion),Instituciones bancarias,2687.68,34.37,7819.57,Si,Monto de remesas familiares por agente liquidador,"Base de Datos Economica y Financiera (BDEF), Banco Central de Reserva de El Salvador",Millones de US$,https://estadisticas.bcr.gob.sv/serie/ingresos-de-remesas-familiares-por-agente-liquidador-2,Junio 2026,2026-07-24,2026-07-31,
2022,Enero-Diciembre,Agente liquidador (canal de recepcion),Otras empresas remesadoras,4782.17,61.16,7819.57,Si,Monto de remesas familiares por agente liquidador,"Base de Datos Economica y Financiera (BDEF), Banco Central de Reserva de El Salvador",Millones de US$,https://estadisticas.bcr.gob.sv/serie/ingresos-de-remesas-familiares-por-agente-liquidador-2,Junio 2026,2026-07-24,2026-07-31,
2022,Enero-Diciembre,Agente liquidador (canal de recepcion),Recargas a telefonos moviles,18.86,0.24,7819.57,Si,Monto de remesas familiares por agente liquidador,"Base de Datos Economica y Financiera (BDEF), Banco Central de Reserva de El Salvador",Millones de US$,https://estadisticas.bcr.gob.sv/serie/ingresos-de-remesas-familiares-por-agente-liquidador-2,Junio 2026,2026-07-24,2026-07-31,
2023,Enero-Diciembre,Agente liquidador (canal de recepcion),Billeteras digitales de criptomonedas,82.93,1.00,8275.42,Si,Monto de remesas familiares por agente liquidador,"Base de Datos Economica y Financiera (BDEF), Banco Central de Reserva de El Salvador",Millones de US$,https://estadisticas.bcr.gob.sv/serie/ingresos-de-remesas-familiares-por-agente-liquidador-2,Junio 2026,2026-07-24,2026-07-31,
2023,Enero-Diciembre,Agente liquidador (canal de recepcion),Efectivo o bolsillo,316.93,3.83,8275.42,Si,Monto de remesas familiares por agente liquidador,"Base de Datos Economica y Financiera (BDEF), Banco Central de Reserva de El Salvador",Millones de US$,https://estadisticas.bcr.gob.sv/serie/ingresos-de-remesas-familiares-por-agente-liquidador-2,Junio 2026,2026-07-24,2026-07-31,
2023,Enero-Diciembre,Agente liquidador (canal de recepcion),Instituciones bancarias,2995.20,36.19,8275.42,Si,Monto de remesas familiares por agente liquidador,"Base de Datos Economica y Financiera (BDEF), Banco Central de Reserva de El Salvador",Millones de US$,https://estadisticas.bcr.gob.sv/serie/ingresos-de-remesas-familiares-por-agente-liquidador-2,Junio 2026,2026-07-24,2026-07-31,
2023,Enero-Diciembre,Agente liquidador (canal de recepcion),Otras empresas remesadoras,4862.45,58.76,8275.42,Si,Monto de remesas familiares por agente liquidador,"Base de Datos Economica y Financiera (BDEF), Banco Central de Reserva de El Salvador",Millones de US$,https://estadisticas.bcr.gob.sv/serie/ingresos-de-remesas-familiares-por-agente-liquidador-2,Junio 2026,2026-07-24,2026-07-31,
2023,Enero-Diciembre,Agente liquidador (canal de recepcion),Recargas a telefonos moviles,17.91,0.22,8275.42,Si,Monto de remesas familiares por agente liquidador,"Base de Datos Economica y Financiera (BDEF), Banco Central de Reserva de El Salvador",Millones de US$,https://estadisticas.bcr.gob.sv/serie/ingresos-de-remesas-familiares-por-agente-liquidador-2,Junio 2026,2026-07-24,2026-07-31,
2024,Enero-Diciembre,Agente liquidador (canal de recepcion),Billeteras digitales de criptomonedas,85.50,1.01,8479.70,Si,Monto de remesas familiares por agente liquidador,"Base de Datos Economica y Financiera (BDEF), Banco Central de Reserva de El Salvador",Millones de US$,https://estadisticas.bcr.gob.sv/serie/ingresos-de-remesas-familiares-por-agente-liquidador-2,Junio 2026,2026-07-24,2026-07-31,Sujeto a revision: el BCR revisa hasta 3 anios previos cada enero
2024,Enero-Diciembre,Agente liquidador (canal de recepcion),Efectivo o bolsillo,331.85,3.91,8479.70,Si,Monto de remesas familiares por agente liquidador,"Base de Datos Economica y Financiera (BDEF), Banco Central de Reserva de El Salvador",Millones de US$,https://estadisticas.bcr.gob.sv/serie/ingresos-de-remesas-familiares-por-agente-liquidador-2,Junio 2026,2026-07-24,2026-07-31,Sujeto a revision: el BCR revisa hasta 3 anios previos cada enero
2024,Enero-Diciembre,Agente liquidador (canal de recepcion),Instituciones bancarias,3209.39,37.85,8479.70,Si,Monto de remesas familiares por agente liquidador,"Base de Datos Economica y Financiera (BDEF), Banco Central de Reserva de El Salvador",Millones de US$,https://estadisticas.bcr.gob.sv/serie/ingresos-de-remesas-familiares-por-agente-liquidador-2,Junio 2026,2026-07-24,2026-07-31,Sujeto a revision: el BCR revisa hasta 3 anios previos cada enero
2024,Enero-Diciembre,Agente liquidador (canal de recepcion),Otras empresas remesadoras,4836.59,57.04,8479.70,Si,Monto de remesas familiares por agente liquidador,"Base de Datos Economica y Financiera (BDEF), Banco Central de Reserva de El Salvador",Millones de US$,https://estadisticas.bcr.gob.sv/serie/ingresos-de-remesas-familiares-por-agente-liquidador-2,Junio 2026,2026-07-24,2026-07-31,Sujeto a revision: el BCR revisa hasta 3 anios previos cada enero
2024,Enero-Diciembre,Agente liquidador (canal de recepcion),Recargas a telefonos moviles,16.32,0.19,8479.70,Si,Monto de remesas familiares por agente liquidador,"Base de Datos Economica y Financiera (BDEF), Banco Central de Reserva de El Salvador",Millones de US$,https://estadisticas.bcr.gob.sv/serie/ingresos-de-remesas-familiares-por-agente-liquidador-2,Junio 2026,2026-07-24,2026-07-31,Sujeto a revision: el BCR revisa hasta 3 anios previos cada enero
2025,Enero-Diciembre,Agente liquidador (canal de recepcion),Billeteras digitales de criptomonedas,57.67,0.58,9987.91,Si,Monto de remesas familiares por agente liquidador,"Base de Datos Economica y Financiera (BDEF), Banco Central de Reserva de El Salvador",Millones de US$,https://estadisticas.bcr.gob.sv/serie/ingresos-de-remesas-familiares-por-agente-liquidador-2,Junio 2026,2026-07-24,2026-07-31,Sujeto a revision: el BCR revisa hasta 3 anios previos cada enero
2025,Enero-Diciembre,Agente liquidador (canal de recepcion),Efectivo o bolsillo,391.71,3.92,9987.91,Si,Monto de remesas familiares por agente liquidador,"Base de Datos Economica y Financiera (BDEF), Banco Central de Reserva de El Salvador",Millones de US$,https://estadisticas.bcr.gob.sv/serie/ingresos-de-remesas-familiares-por-agente-liquidador-2,Junio 2026,2026-07-24,2026-07-31,Sujeto a revision: el BCR revisa hasta 3 anios previos cada enero
2025,Enero-Diciembre,Agente liquidador (canal de recepcion),Instituciones bancarias,3981.29,39.86,9987.91,Si,Monto de remesas familiares por agente liquidador,"Base de Datos Economica y Financiera (BDEF), Banco Central de Reserva de El Salvador",Millones de US$,https://estadisticas.bcr.gob.sv/serie/ingresos-de-remesas-familiares-por-agente-liquidador-2,Junio 2026,2026-07-24,2026-07-31,Sujeto a revision: el BCR revisa hasta 3 anios previos cada enero
2025,Enero-Diciembre,Agente liquidador (canal de recepcion),Otras empresas remesadoras,5541.20,55.48,9987.91,Si,Monto de remesas familiares por agente liquidador,"Base de Datos Economica y Financiera (BDEF), Banco Central de Reserva de El Salvador",Millones de US$,https://estadisticas.bcr.gob.sv/serie/ingresos-de-remesas-familiares-por-agente-liquidador-2,Junio 2026,2026-07-24,2026-07-31,Sujeto a revision: el BCR revisa hasta 3 anios previos cada enero
2025,Enero-Diciembre,Agente liquidador (canal de recepcion),Recargas a telefonos moviles,16.04,0.16,9987.91,Si,Monto de remesas familiares por agente liquidador,"Base de Datos Economica y Financiera (BDEF), Banco Central de Reserva de El Salvador",Millones de US$,https://estadisticas.bcr.gob.sv/serie/ingresos-de-remesas-familiares-por-agente-liquidador-2,Junio 2026,2026-07-24,2026-07-31,Sujeto a revision: el BCR revisa hasta 3 anios previos cada enero
2026,Enero-Junio,Agente liquidador (canal de recepcion),Billeteras digitales de criptomonedas,35.37,0.70,5060.60,Si,Monto de remesas familiares por agente liquidador,"Base de Datos Economica y Financiera (BDEF), Banco Central de Reserva de El Salvador",Millones de US$,https://estadisticas.bcr.gob.sv/serie/ingresos-de-remesas-familiares-por-agente-liquidador-2,Junio 2026,2026-07-24,2026-07-31,ANIO INCOMPLETO: acumulado enero-junio 2026; cifras preliminares (p); Sujeto a revision: el BCR revisa hasta 3 anios previos cada enero
2026,Enero-Junio,Agente liquidador (canal de recepcion),Efectivo o bolsillo,194.31,3.84,5060.60,Si,Monto de remesas familiares por agente liquidador,"Base de Datos Economica y Financiera (BDEF), Banco Central de Reserva de El Salvador",Millones de US$,https://estadisticas.bcr.gob.sv/serie/ingresos-de-remesas-familiares-por-agente-liquidador-2,Junio 2026,2026-07-24,2026-07-31,ANIO INCOMPLETO: acumulado enero-junio 2026; cifras preliminares (p); Sujeto a revision: el BCR revisa hasta 3 anios previos cada enero
2026,Enero-Junio,Agente liquidador (canal de recepcion),Instituciones bancarias,2076.98,41.04,5060.60,Si,Monto de remesas familiares por agente liquidador,"Base de Datos Economica y Financiera (BDEF), Banco Central de Reserva de El Salvador",Millones de US$,https://estadisticas.bcr.gob.sv/serie/ingresos-de-remesas-familiares-por-agente-liquidador-2,Junio 2026,2026-07-24,2026-07-31,ANIO INCOMPLETO: acumulado enero-junio 2026; cifras preliminares (p); Sujeto a revision: el BCR revisa hasta 3 anios previos cada enero
2026,Enero-Junio,Agente liquidador (canal de recepcion),Otras empresas remesadoras,2746.55,54.27,5060.60,Si,Monto de remesas familiares por agente liquidador,"Base de Datos Economica y Financiera (BDEF), Banco Central de Reserva de El Salvador",Millones de US$,https://estadisticas.bcr.gob.sv/serie/ingresos-de-remesas-familiares-por-agente-liquidador-2,Junio 2026,2026-07-24,2026-07-31,ANIO INCOMPLETO: acumulado enero-junio 2026; cifras preliminares (p); Sujeto a revision: el BCR revisa hasta 3 anios previos cada enero
2026,Enero-Junio,Agente liquidador (canal de recepcion),Recargas a telefonos moviles,7.42,0.15,5060.60,Si,Monto de remesas familiares por agente liquidador,"Base de Datos Economica y Financiera (BDEF), Banco Central de Reserva de El Salvador",Millones de US$,https://estadisticas.bcr.gob.sv/serie/ingresos-de-remesas-familiares-por-agente-liquidador-2,Junio 2026,2026-07-24,2026-07-31,ANIO INCOMPLETO: acumulado enero-junio 2026; cifras preliminares (p); Sujeto a revision: el BCR revisa hasta 3 anios previos cada enero
2019,Enero-Diciembre,Control,TOTAL de remesas familiares,5656.18,100.00,5656.18,Si,Variable 'Total de remesas familiares' en ambas series,"Base de Datos Economica y Financiera (BDEF), Banco Central de Reserva de El Salvador",Millones de US$,https://estadisticas.bcr.gob.sv/serie/ingresos-de-remesas-familiares-por-agente-liquidador-2,Junio 2026,2026-07-24,2026-07-31,
2020,Enero-Diciembre,Control,TOTAL de remesas familiares,5929.93,100.00,5929.93,Si,Variable 'Total de remesas familiares' en ambas series,"Base de Datos Economica y Financiera (BDEF), Banco Central de Reserva de El Salvador",Millones de US$,https://estadisticas.bcr.gob.sv/serie/ingresos-de-remesas-familiares-por-agente-liquidador-2,Junio 2026,2026-07-24,2026-07-31,
2021,Enero-Diciembre,Control,TOTAL de remesas familiares,7585.24,100.00,7585.24,Si,Variable 'Total de remesas familiares' en ambas series,"Base de Datos Economica y Financiera (BDEF), Banco Central de Reserva de El Salvador",Millones de US$,https://estadisticas.bcr.gob.sv/serie/ingresos-de-remesas-familiares-por-agente-liquidador-2,Junio 2026,2026-07-24,2026-07-31,
2022,Enero-Diciembre,Control,TOTAL de remesas familiares,7819.57,100.00,7819.57,Si,Variable 'Total de remesas familiares' en ambas series,"Base de Datos Economica y Financiera (BDEF), Banco Central de Reserva de El Salvador",Millones de US$,https://estadisticas.bcr.gob.sv/serie/ingresos-de-remesas-familiares-por-agente-liquidador-2,Junio 2026,2026-07-24,2026-07-31,
2023,Enero-Diciembre,Control,TOTAL de remesas familiares,8275.42,100.00,8275.42,Si,Variable 'Total de remesas familiares' en ambas series,"Base de Datos Economica y Financiera (BDEF), Banco Central de Reserva de El Salvador",Millones de US$,https://estadisticas.bcr.gob.sv/serie/ingresos-de-remesas-familiares-por-agente-liquidador-2,Junio 2026,2026-07-24,2026-07-31,
2024,Enero-Diciembre,Control,TOTAL de remesas familiares,8479.70,100.00,8479.70,Si,Variable 'Total de remesas familiares' en ambas series,"Base de Datos Economica y Financiera (BDEF), Banco Central de Reserva de El Salvador",Millones de US$,https://estadisticas.bcr.gob.sv/serie/ingresos-de-remesas-familiares-por-agente-liquidador-2,Junio 2026,2026-07-24,2026-07-31,
2025,Enero-Diciembre,Control,TOTAL de remesas familiares,9987.91,100.00,9987.91,Si,Variable 'Total de remesas familiares' en ambas series,"Base de Datos Economica y Financiera (BDEF), Banco Central de Reserva de El Salvador",Millones de US$,https://estadisticas.bcr.gob.sv/serie/ingresos-de-remesas-familiares-por-agente-liquidador-2,Junio 2026,2026-07-24,2026-07-31,
2026,Enero-Junio,Control,TOTAL de remesas familiares,5060.60,100.00,5060.60,Si,Variable 'Total de remesas familiares' en ambas series,"Base de Datos Economica y Financiera (BDEF), Banco Central de Reserva de El Salvador",Millones de US$,https://estadisticas.bcr.gob.sv/serie/ingresos-de-remesas-familiares-por-agente-liquidador-2,Junio 2026,2026-07-24,2026-07-31,ANIO INCOMPLETO: acumulado enero-junio 2026; cifras preliminares (p)
2019,Enero-Diciembre,Tipo de transferencia,Billeteras digitales de criptomonedas,0.00,0.00,5656.18,No,Monto de remesas familiares por tipo de transferencia,"Base de Datos Economica y Financiera (BDEF), Banco Central de Reserva de El Salvador",Millones de US$,https://estadisticas.bcr.gob.sv/serie/monto-de-remesas-familiares-por-tipo-de-transferencia,Junio 2026,2026-07-24,2026-07-31,"SIN DESGLOSE DISPONIBLE: el canal no existia en la estadistica del BCR. La serie de billeteras digitales de criptomonedas inicia en septiembre de 2021 (primer dato: 1.99 MM US$), tras la entrada en vigencia de la Ley Bitcoin. El 0.00 no es un dato observado sino ausencia del canal"
2019,Enero-Diciembre,Tipo de transferencia,Efectivo o bolsillo,100.25,1.77,5656.18,Si,Monto de remesas familiares por tipo de transferencia,"Base de Datos Economica y Financiera (BDEF), Banco Central de Reserva de El Salvador",Millones de US$,https://estadisticas.bcr.gob.sv/serie/monto-de-remesas-familiares-por-tipo-de-transferencia,Junio 2026,2026-07-24,2026-07-31,
2019,Enero-Diciembre,Tipo de transferencia,Recargas a telefonos moviles,24.49,0.43,5656.18,Si,Monto de remesas familiares por tipo de transferencia,"Base de Datos Economica y Financiera (BDEF), Banco Central de Reserva de El Salvador",Millones de US$,https://estadisticas.bcr.gob.sv/serie/monto-de-remesas-familiares-por-tipo-de-transferencia,Junio 2026,2026-07-24,2026-07-31,
2019,Enero-Diciembre,Tipo de transferencia,Remesa cobrada en ventanilla o sin abono a cuenta,4122.27,72.88,5656.18,Si,Monto de remesas familiares por tipo de transferencia,"Base de Datos Economica y Financiera (BDEF), Banco Central de Reserva de El Salvador",Millones de US$,https://estadisticas.bcr.gob.sv/serie/monto-de-remesas-familiares-por-tipo-de-transferencia,Junio 2026,2026-07-24,2026-07-31,
2019,Enero-Diciembre,Tipo de transferencia,Remesa con abono a cuenta,1409.20,24.91,5656.18,Si,Monto de remesas familiares por tipo de transferencia,"Base de Datos Economica y Financiera (BDEF), Banco Central de Reserva de El Salvador",Millones de US$,https://estadisticas.bcr.gob.sv/serie/monto-de-remesas-familiares-por-tipo-de-transferencia,Junio 2026,2026-07-24,2026-07-31,
2020,Enero-Diciembre,Tipo de transferencia,Billeteras digitales de criptomonedas,0.00,0.00,5929.93,No,Monto de remesas familiares por tipo de transferencia,"Base de Datos Economica y Financiera (BDEF), Banco Central de Reserva de El Salvador",Millones de US$,https://estadisticas.bcr.gob.sv/serie/monto-de-remesas-familiares-por-tipo-de-transferencia,Junio 2026,2026-07-24,2026-07-31,"SIN DESGLOSE DISPONIBLE: el canal no existia en la estadistica del BCR. La serie de billeteras digitales de criptomonedas inicia en septiembre de 2021 (primer dato: 1.99 MM US$), tras la entrada en vigencia de la Ley Bitcoin. El 0.00 no es un dato observado sino ausencia del canal"
2020,Enero-Diciembre,Tipo de transferencia,Efectivo o bolsillo,33.12,0.56,5929.93,Parcial,Monto de remesas familiares por tipo de transferencia,"Base de Datos Economica y Financiera (BDEF), Banco Central de Reserva de El Salvador",Millones de US$,https://estadisticas.bcr.gob.sv/serie/monto-de-remesas-familiares-por-tipo-de-transferencia,Junio 2026,2026-07-24,2026-07-31,COBERTURA PARCIAL: sin dato de abril a agosto de 2020. La estimacion se basa en encuestas en EE.UU. interrumpidas por la pandemia; el monto anual corresponde solo a 7 meses y no es comparable con otros anios
2020,Enero-Diciembre,Tipo de transferencia,Recargas a telefonos moviles,25.45,0.43,5929.93,Si,Monto de remesas familiares por tipo de transferencia,"Base de Datos Economica y Financiera (BDEF), Banco Central de Reserva de El Salvador",Millones de US$,https://estadisticas.bcr.gob.sv/serie/monto-de-remesas-familiares-por-tipo-de-transferencia,Junio 2026,2026-07-24,2026-07-31,
2020,Enero-Diciembre,Tipo de transferencia,Remesa cobrada en ventanilla o sin abono a cuenta,4189.94,70.66,5929.93,Si,Monto de remesas familiares por tipo de transferencia,"Base de Datos Economica y Financiera (BDEF), Banco Central de Reserva de El Salvador",Millones de US$,https://estadisticas.bcr.gob.sv/serie/monto-de-remesas-familiares-por-tipo-de-transferencia,Junio 2026,2026-07-24,2026-07-31,
2020,Enero-Diciembre,Tipo de transferencia,Remesa con abono a cuenta,1681.40,28.35,5929.93,Si,Monto de remesas familiares por tipo de transferencia,"Base de Datos Economica y Financiera (BDEF), Banco Central de Reserva de El Salvador",Millones de US$,https://estadisticas.bcr.gob.sv/serie/monto-de-remesas-familiares-por-tipo-de-transferencia,Junio 2026,2026-07-24,2026-07-31,
2021,Enero-Diciembre,Tipo de transferencia,Billeteras digitales de criptomonedas,44.55,0.59,7585.24,Si,Monto de remesas familiares por tipo de transferencia,"Base de Datos Economica y Financiera (BDEF), Banco Central de Reserva de El Salvador",Millones de US$,https://estadisticas.bcr.gob.sv/serie/monto-de-remesas-familiares-por-tipo-de-transferencia,Junio 2026,2026-07-24,2026-07-31,
2021,Enero-Diciembre,Tipo de transferencia,Efectivo o bolsillo,169.21,2.23,7585.24,Si,Monto de remesas familiares por tipo de transferencia,"Base de Datos Economica y Financiera (BDEF), Banco Central de Reserva de El Salvador",Millones de US$,https://estadisticas.bcr.gob.sv/serie/monto-de-remesas-familiares-por-tipo-de-transferencia,Junio 2026,2026-07-24,2026-07-31,
2021,Enero-Diciembre,Tipo de transferencia,Recargas a telefonos moviles,22.80,0.30,7585.24,Si,Monto de remesas familiares por tipo de transferencia,"Base de Datos Economica y Financiera (BDEF), Banco Central de Reserva de El Salvador",Millones de US$,https://estadisticas.bcr.gob.sv/serie/monto-de-remesas-familiares-por-tipo-de-transferencia,Junio 2026,2026-07-24,2026-07-31,
2021,Enero-Diciembre,Tipo de transferencia,Remesa cobrada en ventanilla o sin abono a cuenta,5095.90,67.18,7585.24,Si,Monto de remesas familiares por tipo de transferencia,"Base de Datos Economica y Financiera (BDEF), Banco Central de Reserva de El Salvador",Millones de US$,https://estadisticas.bcr.gob.sv/serie/monto-de-remesas-familiares-por-tipo-de-transferencia,Junio 2026,2026-07-24,2026-07-31,
2021,Enero-Diciembre,Tipo de transferencia,Remesa con abono a cuenta,2252.84,29.70,7585.24,Si,Monto de remesas familiares por tipo de transferencia,"Base de Datos Economica y Financiera (BDEF), Banco Central de Reserva de El Salvador",Millones de US$,https://estadisticas.bcr.gob.sv/serie/monto-de-remesas-familiares-por-tipo-de-transferencia,Junio 2026,2026-07-24,2026-07-31,
2022,Enero-Diciembre,Tipo de transferencia,Billeteras digitales de criptomonedas,126.72,1.62,7819.57,Si,Monto de remesas familiares por tipo de transferencia,"Base de Datos Economica y Financiera (BDEF), Banco Central de Reserva de El Salvador",Millones de US$,https://estadisticas.bcr.gob.sv/serie/monto-de-remesas-familiares-por-tipo-de-transferencia,Junio 2026,2026-07-24,2026-07-31,
2022,Enero-Diciembre,Tipo de transferencia,Efectivo o bolsillo,204.15,2.61,7819.57,Si,Monto de remesas familiares por tipo de transferencia,"Base de Datos Economica y Financiera (BDEF), Banco Central de Reserva de El Salvador",Millones de US$,https://estadisticas.bcr.gob.sv/serie/monto-de-remesas-familiares-por-tipo-de-transferencia,Junio 2026,2026-07-24,2026-07-31,
2022,Enero-Diciembre,Tipo de transferencia,Recargas a telefonos moviles,18.86,0.24,7819.57,Si,Monto de remesas familiares por tipo de transferencia,"Base de Datos Economica y Financiera (BDEF), Banco Central de Reserva de El Salvador",Millones de US$,https://estadisticas.bcr.gob.sv/serie/monto-de-remesas-familiares-por-tipo-de-transferencia,Junio 2026,2026-07-24,2026-07-31,
2022,Enero-Diciembre,Tipo de transferencia,Remesa cobrada en ventanilla o sin abono a cuenta,5051.32,64.60,7819.57,Si,Monto de remesas familiares por tipo de transferencia,"Base de Datos Economica y Financiera (BDEF), Banco Central de Reserva de El Salvador",Millones de US$,https://estadisticas.bcr.gob.sv/serie/monto-de-remesas-familiares-por-tipo-de-transferencia,Junio 2026,2026-07-24,2026-07-31,
2022,Enero-Diciembre,Tipo de transferencia,Remesa con abono a cuenta,2418.53,30.93,7819.57,Si,Monto de remesas familiares por tipo de transferencia,"Base de Datos Economica y Financiera (BDEF), Banco Central de Reserva de El Salvador",Millones de US$,https://estadisticas.bcr.gob.sv/serie/monto-de-remesas-familiares-por-tipo-de-transferencia,Junio 2026,2026-07-24,2026-07-31,
2023,Enero-Diciembre,Tipo de transferencia,Billeteras digitales de criptomonedas,82.93,1.00,8275.42,Si,Monto de remesas familiares por tipo de transferencia,"Base de Datos Economica y Financiera (BDEF), Banco Central de Reserva de El Salvador",Millones de US$,https://estadisticas.bcr.gob.sv/serie/monto-de-remesas-familiares-por-tipo-de-transferencia,Junio 2026,2026-07-24,2026-07-31,
2023,Enero-Diciembre,Tipo de transferencia,Efectivo o bolsillo,316.93,3.83,8275.42,Si,Monto de remesas familiares por tipo de transferencia,"Base de Datos Economica y Financiera (BDEF), Banco Central de Reserva de El Salvador",Millones de US$,https://estadisticas.bcr.gob.sv/serie/monto-de-remesas-familiares-por-tipo-de-transferencia,Junio 2026,2026-07-24,2026-07-31,
2023,Enero-Diciembre,Tipo de transferencia,Recargas a telefonos moviles,17.91,0.22,8275.42,Si,Monto de remesas familiares por tipo de transferencia,"Base de Datos Economica y Financiera (BDEF), Banco Central de Reserva de El Salvador",Millones de US$,https://estadisticas.bcr.gob.sv/serie/monto-de-remesas-familiares-por-tipo-de-transferencia,Junio 2026,2026-07-24,2026-07-31,
2023,Enero-Diciembre,Tipo de transferencia,Remesa cobrada en ventanilla o sin abono a cuenta,5610.54,67.80,8275.42,Si,Monto de remesas familiares por tipo de transferencia,"Base de Datos Economica y Financiera (BDEF), Banco Central de Reserva de El Salvador",Millones de US$,https://estadisticas.bcr.gob.sv/serie/monto-de-remesas-familiares-por-tipo-de-transferencia,Junio 2026,2026-07-24,2026-07-31,
2023,Enero-Diciembre,Tipo de transferencia,Remesa con abono a cuenta,2247.09,27.15,8275.42,Si,Monto de remesas familiares por tipo de transferencia,"Base de Datos Economica y Financiera (BDEF), Banco Central de Reserva de El Salvador",Millones de US$,https://estadisticas.bcr.gob.sv/serie/monto-de-remesas-familiares-por-tipo-de-transferencia,Junio 2026,2026-07-24,2026-07-31,
2024,Enero-Diciembre,Tipo de transferencia,Billeteras digitales de criptomonedas,85.50,1.01,8479.70,Si,Monto de remesas familiares por tipo de transferencia,"Base de Datos Economica y Financiera (BDEF), Banco Central de Reserva de El Salvador",Millones de US$,https://estadisticas.bcr.gob.sv/serie/monto-de-remesas-familiares-por-tipo-de-transferencia,Junio 2026,2026-07-24,2026-07-31,Sujeto a revision: el BCR revisa hasta 3 anios previos cada enero
2024,Enero-Diciembre,Tipo de transferencia,Efectivo o bolsillo,331.85,3.91,8479.70,Si,Monto de remesas familiares por tipo de transferencia,"Base de Datos Economica y Financiera (BDEF), Banco Central de Reserva de El Salvador",Millones de US$,https://estadisticas.bcr.gob.sv/serie/monto-de-remesas-familiares-por-tipo-de-transferencia,Junio 2026,2026-07-24,2026-07-31,Sujeto a revision: el BCR revisa hasta 3 anios previos cada enero
2024,Enero-Diciembre,Tipo de transferencia,Recargas a telefonos moviles,16.32,0.19,8479.70,Si,Monto de remesas familiares por tipo de transferencia,"Base de Datos Economica y Financiera (BDEF), Banco Central de Reserva de El Salvador",Millones de US$,https://estadisticas.bcr.gob.sv/serie/monto-de-remesas-familiares-por-tipo-de-transferencia,Junio 2026,2026-07-24,2026-07-31,Sujeto a revision: el BCR revisa hasta 3 anios previos cada enero
2024,Enero-Diciembre,Tipo de transferencia,Remesa cobrada en ventanilla o sin abono a cuenta,5640.02,66.51,8479.70,Si,Monto de remesas familiares por tipo de transferencia,"Base de Datos Economica y Financiera (BDEF), Banco Central de Reserva de El Salvador",Millones de US$,https://estadisticas.bcr.gob.sv/serie/monto-de-remesas-familiares-por-tipo-de-transferencia,Junio 2026,2026-07-24,2026-07-31,Sujeto a revision: el BCR revisa hasta 3 anios previos cada enero
2024,Enero-Diciembre,Tipo de transferencia,Remesa con abono a cuenta,2405.99,28.37,8479.70,Si,Monto de remesas familiares por tipo de transferencia,"Base de Datos Economica y Financiera (BDEF), Banco Central de Reserva de El Salvador",Millones de US$,https://estadisticas.bcr.gob.sv/serie/monto-de-remesas-familiares-por-tipo-de-transferencia,Junio 2026,2026-07-24,2026-07-31,Sujeto a revision: el BCR revisa hasta 3 anios previos cada enero
2025,Enero-Diciembre,Tipo de transferencia,Billeteras digitales de criptomonedas,57.67,0.58,9987.91,Si,Monto de remesas familiares por tipo de transferencia,"Base de Datos Economica y Financiera (BDEF), Banco Central de Reserva de El Salvador",Millones de US$,https://estadisticas.bcr.gob.sv/serie/monto-de-remesas-familiares-por-tipo-de-transferencia,Junio 2026,2026-07-24,2026-07-31,Sujeto a revision: el BCR revisa hasta 3 anios previos cada enero
2025,Enero-Diciembre,Tipo de transferencia,Efectivo o bolsillo,391.71,3.92,9987.91,Si,Monto de remesas familiares por tipo de transferencia,"Base de Datos Economica y Financiera (BDEF), Banco Central de Reserva de El Salvador",Millones de US$,https://estadisticas.bcr.gob.sv/serie/monto-de-remesas-familiares-por-tipo-de-transferencia,Junio 2026,2026-07-24,2026-07-31,Sujeto a revision: el BCR revisa hasta 3 anios previos cada enero
2025,Enero-Diciembre,Tipo de transferencia,Recargas a telefonos moviles,16.04,0.16,9987.91,Si,Monto de remesas familiares por tipo de transferencia,"Base de Datos Economica y Financiera (BDEF), Banco Central de Reserva de El Salvador",Millones de US$,https://estadisticas.bcr.gob.sv/serie/monto-de-remesas-familiares-por-tipo-de-transferencia,Junio 2026,2026-07-24,2026-07-31,Sujeto a revision: el BCR revisa hasta 3 anios previos cada enero
2025,Enero-Diciembre,Tipo de transferencia,Remesa cobrada en ventanilla o sin abono a cuenta,6211.73,62.19,9987.91,Si,Monto de remesas familiares por tipo de transferencia,"Base de Datos Economica y Financiera (BDEF), Banco Central de Reserva de El Salvador",Millones de US$,https://estadisticas.bcr.gob.sv/serie/monto-de-remesas-familiares-por-tipo-de-transferencia,Junio 2026,2026-07-24,2026-07-31,Sujeto a revision: el BCR revisa hasta 3 anios previos cada enero
2025,Enero-Diciembre,Tipo de transferencia,Remesa con abono a cuenta,3310.75,33.15,9987.91,Si,Monto de remesas familiares por tipo de transferencia,"Base de Datos Economica y Financiera (BDEF), Banco Central de Reserva de El Salvador",Millones de US$,https://estadisticas.bcr.gob.sv/serie/monto-de-remesas-familiares-por-tipo-de-transferencia,Junio 2026,2026-07-24,2026-07-31,Sujeto a revision: el BCR revisa hasta 3 anios previos cada enero
2026,Enero-Junio,Tipo de transferencia,Billeteras digitales de criptomonedas,35.37,0.70,5060.60,Si,Monto de remesas familiares por tipo de transferencia,"Base de Datos Economica y Financiera (BDEF), Banco Central de Reserva de El Salvador",Millones de US$,https://estadisticas.bcr.gob.sv/serie/monto-de-remesas-familiares-por-tipo-de-transferencia,Junio 2026,2026-07-24,2026-07-31,ANIO INCOMPLETO: acumulado enero-junio 2026; cifras preliminares (p); Sujeto a revision: el BCR revisa hasta 3 anios previos cada enero
2026,Enero-Junio,Tipo de transferencia,Efectivo o bolsillo,194.31,3.84,5060.60,Si,Monto de remesas familiares por tipo de transferencia,"Base de Datos Economica y Financiera (BDEF), Banco Central de Reserva de El Salvador",Millones de US$,https://estadisticas.bcr.gob.sv/serie/monto-de-remesas-familiares-por-tipo-de-transferencia,Junio 2026,2026-07-24,2026-07-31,ANIO INCOMPLETO: acumulado enero-junio 2026; cifras preliminares (p); Sujeto a revision: el BCR revisa hasta 3 anios previos cada enero
2026,Enero-Junio,Tipo de transferencia,Recargas a telefonos moviles,7.42,0.15,5060.60,Si,Monto de remesas familiares por tipo de transferencia,"Base de Datos Economica y Financiera (BDEF), Banco Central de Reserva de El Salvador",Millones de US$,https://estadisticas.bcr.gob.sv/serie/monto-de-remesas-familiares-por-tipo-de-transferencia,Junio 2026,2026-07-24,2026-07-31,ANIO INCOMPLETO: acumulado enero-junio 2026; cifras preliminares (p); Sujeto a revision: el BCR revisa hasta 3 anios previos cada enero
2026,Enero-Junio,Tipo de transferencia,Remesa cobrada en ventanilla o sin abono a cuenta,2984.99,58.98,5060.60,Si,Monto de remesas familiares por tipo de transferencia,"Base de Datos Economica y Financiera (BDEF), Banco Central de Reserva de El Salvador",Millones de US$,https://estadisticas.bcr.gob.sv/serie/monto-de-remesas-familiares-por-tipo-de-transferencia,Junio 2026,2026-07-24,2026-07-31,ANIO INCOMPLETO: acumulado enero-junio 2026; cifras preliminares (p); Sujeto a revision: el BCR revisa hasta 3 anios previos cada enero
2026,Enero-Junio,Tipo de transferencia,Remesa con abono a cuenta,1838.51,36.33,5060.60,Si,Monto de remesas familiares por tipo de transferencia,"Base de Datos Economica y Financiera (BDEF), Banco Central de Reserva de El Salvador",Millones de US$,https://estadisticas.bcr.gob.sv/serie/monto-de-remesas-familiares-por-tipo-de-transferencia,Junio 2026,2026-07-24,2026-07-31,ANIO INCOMPLETO: acumulado enero-junio 2026; cifras preliminares (p); Sujeto a revision: el BCR revisa hasta 3 anios previos cada enero
